Gain Setting, Read Noise (e-rms)
1.0, 0.56
2.6315789473684212, 0.5452631578947369
4.2631578947368425, 0.5305263157894737
5.894736842105263, 0.5157894736842106
7.526315789473684, 0.5010526315789474
9.157894736842104, 0.48631578947368426
10.789473684210526, 0.4715789473684211
12.421052631578947, 0.45684210526315794
14.052631578947368, 0.4421052631578948
15.68421052631579, 0.4273684210526316
17.31578947368421, 0.41263157894736846
18.94736842105263, 0.3978947368421053
20.57894736842105, 0.38315789473684214
22.210526315789473, 0.368421052631579
23.842105263157894, 0.3536842105263158
25.473684210526315, 0.33894736842105266
27.105263157894736, 0.3242105263157895
28.736842105263158, 0.30947368421052635
30.36842105263158, 0.2947368421052632
32.0, 0.28
