Gain Setting, Well Depth (e-)
1.0, 7000.0
2.6315789473684212, 2660.0
4.2631578947368425, 1641.975308641975
5.894736842105263, 1187.5
7.526315789473684, 930.0699300699301
9.157894736842104, 764.3678160919541
10.789473684210526, 648.7804878048781
12.421052631578947, 563.5593220338983
14.052631578947368, 498.12734082397003
15.68421052631579, 446.30872483221475
17.31578947368421, 404.2553191489362
18.94736842105263, 369.44444444444446
20.57894736842105, 340.153452685422
22.210526315789473, 315.1658767772512
23.842105263157894, 293.598233995585
25.473684210526315, 274.7933884297521
27.105263157894736, 258.252427184466
28.736842105263158, 243.5897435897436
30.36842105263158, 230.50259965337955
32.0, 218.75
