Gain Setting ,Gain (e-/adu)
1.0, 4.132231404958678
2.6315789473684212, 3.9218387462496884
4.2631578947368425, 3.7114460875406983
5.894736842105263, 3.5010534288317086
7.526315789473684, 3.2906607701227184
9.157894736842104, 3.0802681114137287
10.789473684210526, 2.869875452704739
12.421052631578947, 2.659482793995749
14.052631578947368, 2.449090135286759
15.68421052631579, 2.2386974765777694
17.31578947368421, 2.0283048178687793
18.94736842105263, 1.8179121591597895
20.57894736842105, 1.6075195004507998
22.210526315789473, 1.3971268417418097
23.842105263157894, 1.18673418303282
25.473684210526315, 0.9763415243238298
27.105263157894736, 0.7659488656148401
28.736842105263158, 0.5555562069058504
30.36842105263158, 0.34516354819686024
32.0, 0.1347708894878706
