Sensor Temperature (C),Dark Current (e/s/pix)
-20.0, 0.049999999999999996
-17.894736842105264, 0.0607140146726929
-15.789473684210527, 0.07372383155351937
-13.68421052631579, 0.08952139581335031
-11.578947368421053, 0.10870406677863399
-9.473684210526317, 0.13199720610758747
-7.368421052631579, 0.16028160616741066
-5.2631578947368425, 0.1946267957722191
-3.157894736842106, 0.23633148268427434
-1.05263157894737, 0.286972662146246
1.0526315789473664, 0.3484652484041785
3.1578947368421026, 0.42313448409069737
5.2631578947368425, 0.5138038655120987
7.368421052631579, 0.6239019085917579
9.473684210526315, 0.7575917926512219
11.578947368421051, 0.9199287842987601
13.684210526315788, 1.1170513941549494
15.789473684210527, 1.356413494697513
17.89473684210526, 1.6470661763860694
20.0, 2.0
